{"frames": [

{
	"filename": "big_cloud_0.png",
	"frame": {"x":0,"y":0,"w":738,"h":212},
	"rotated": false,
	"trimmed": false,
	"spriteSourceSize": {"x":0,"y":0,"w":738,"h":212},
	"sourceSize": {"w":738,"h":212}
},
{
	"filename": "big_cloud_1.png",
	"frame": {"x":0,"y":212,"w":738,"h":212},
	"rotated": false,
	"trimmed": false,
	"spriteSourceSize": {"x":0,"y":0,"w":738,"h":212},
	"sourceSize": {"w":738,"h":212}
},
{
	"filename": "big_cloud_2.png",
	"frame": {"x":0,"y":424,"w":738,"h":212},
	"rotated": false,
	"trimmed": false,
	"spriteSourceSize": {"x":0,"y":0,"w":738,"h":212},
	"sourceSize": {"w":738,"h":212}
},
{
	"filename": "big_cloud_3.png",
	"frame": {"x":0,"y":636,"w":738,"h":212},
	"rotated": false,
	"trimmed": false,
	"spriteSourceSize": {"x":0,"y":0,"w":738,"h":212},
	"sourceSize": {"w":738,"h":212}
},
{
	"filename": "big_cloud_4.png",
	"frame": {"x":0,"y":848,"w":738,"h":212},
	"rotated": false,
	"trimmed": false,
	"spriteSourceSize": {"x":0,"y":0,"w":738,"h":212},
	"sourceSize": {"w":738,"h":212}
}],
"meta": {
	"app": "https://www.codeandweb.com/texturepacker",
	"version": "1.0",
	"image": "111.png",
	"format": "RGBA8888",
	"size": {"w":738,"h":1060},
	"scale": "1",
	"smartupdate": "$TexturePacker:SmartUpdate:f16228d5ef998dd16cac38d25574a513:fdf0cf59b4e3754d5a78cf14080e9d2b:1698a9c21404114f59520000d2f36dfb$"
}
}
