{"frames": [

{
	"filename": "bg_earth.png",
	"frame": {"x":1,"y":1,"w":1005,"h":300},
	"rotated": false,
	"trimmed": true,
	"spriteSourceSize": {"x":0,"y":4,"w":1005,"h":300},
	"sourceSize": {"w":1009,"h":304}
},
{
	"filename": "bg_rainbow.png",
	"frame": {"x":1,"y":877,"w":506,"h":257},
	"rotated": false,
	"trimmed": true,
	"spriteSourceSize": {"x":0,"y":1,"w":506,"h":257},
	"sourceSize": {"w":506,"h":259}
},
{
	"filename": "clouds-little_little-cloud-01.png",
	"frame": {"x":435,"y":738,"w":107,"h":75},
	"rotated": false,
	"trimmed": false,
	"spriteSourceSize": {"x":0,"y":0,"w":107,"h":75},
	"sourceSize": {"w":107,"h":75}
},
{
	"filename": "clouds-little_little-cloud-02.png",
	"frame": {"x":834,"y":815,"w":99,"h":69},
	"rotated": false,
	"trimmed": false,
	"spriteSourceSize": {"x":0,"y":0,"w":99,"h":69},
	"sourceSize": {"w":99,"h":69}
},
{
	"filename": "clouds-little_little-cloud-03.png",
	"frame": {"x":834,"y":957,"w":98,"h":68},
	"rotated": false,
	"trimmed": false,
	"spriteSourceSize": {"x":0,"y":0,"w":98,"h":68},
	"sourceSize": {"w":98,"h":68}
},
{
	"filename": "clouds-little_little-cloud-04.png",
	"frame": {"x":834,"y":886,"w":98,"h":69},
	"rotated": false,
	"trimmed": false,
	"spriteSourceSize": {"x":0,"y":0,"w":98,"h":69},
	"sourceSize": {"w":98,"h":69}
},
{
	"filename": "koshkmyak-cloud_koshkmyak-01.png",
	"frame": {"x":288,"y":303,"w":392,"h":196},
	"rotated": false,
	"trimmed": true,
	"spriteSourceSize": {"x":0,"y":0,"w":392,"h":196},
	"sourceSize": {"w":396,"h":200}
},
{
	"filename": "koshkmyak-cloud_koshkmyak-02.png",
	"frame": {"x":288,"y":501,"w":392,"h":196},
	"rotated": false,
	"trimmed": true,
	"spriteSourceSize": {"x":0,"y":0,"w":392,"h":196},
	"sourceSize": {"w":396,"h":200}
},
{
	"filename": "koshkmyak-cloud_koshkmyak-03.png",
	"frame": {"x":1,"y":1136,"w":392,"h":196},
	"rotated": false,
	"trimmed": true,
	"spriteSourceSize": {"x":0,"y":0,"w":392,"h":196},
	"sourceSize": {"w":396,"h":200}
},
{
	"filename": "koshkmyak-cloud_koshkmyak-04.png",
	"frame": {"x":395,"y":1327,"w":392,"h":196},
	"rotated": false,
	"trimmed": true,
	"spriteSourceSize": {"x":0,"y":0,"w":392,"h":196},
	"sourceSize": {"w":396,"h":200}
},
{
	"filename": "koshkmyak-cloud_koshkmyak-05.png",
	"frame": {"x":1,"y":1334,"w":392,"h":196},
	"rotated": false,
	"trimmed": true,
	"spriteSourceSize": {"x":0,"y":0,"w":392,"h":196},
	"sourceSize": {"w":396,"h":200}
},
{
	"filename": "koshkmyak-cloud_lightning.png",
	"frame": {"x":395,"y":1136,"w":86,"h":139},
	"rotated": false,
	"trimmed": true,
	"spriteSourceSize": {"x":0,"y":0,"w":86,"h":139},
	"sourceSize": {"w":90,"h":149}
},
{
	"filename": "koshkmyak-cloud_lightning_copy.png",
	"frame": {"x":582,"y":699,"w":63,"h":101},
	"rotated": false,
	"trimmed": true,
	"spriteSourceSize": {"x":0,"y":0,"w":63,"h":101},
	"sourceSize": {"w":66,"h":108}
},
{
	"filename": "koshkmyak-cloud_lightning_copy_2.png",
	"frame": {"x":834,"y":1027,"w":41,"h":67},
	"rotated": false,
	"trimmed": true,
	"spriteSourceSize": {"x":0,"y":0,"w":41,"h":67},
	"sourceSize": {"w":44,"h":71}
},
{
	"filename": "lost-cloud-animation_01.png",
	"frame": {"x":435,"y":699,"w":145,"h":37},
	"rotated": false,
	"trimmed": false,
	"spriteSourceSize": {"x":0,"y":0,"w":145,"h":37},
	"sourceSize": {"w":145,"h":37}
},
{
	"filename": "lost-cloud-animation_02.png",
	"frame": {"x":288,"y":699,"w":145,"h":112},
	"rotated": false,
	"trimmed": false,
	"spriteSourceSize": {"x":0,"y":0,"w":145,"h":112},
	"sourceSize": {"w":145,"h":112}
},
{
	"filename": "lost-cloud-animation_03.png",
	"frame": {"x":288,"y":813,"w":107,"h":60},
	"rotated": false,
	"trimmed": false,
	"spriteSourceSize": {"x":0,"y":0,"w":107,"h":60},
	"sourceSize": {"w":107,"h":60}
},
{
	"filename": "shelfs_shelfs-left.png",
	"frame": {"x":1,"y":303,"w":285,"h":285},
	"rotated": false,
	"trimmed": false,
	"spriteSourceSize": {"x":0,"y":0,"w":285,"h":285},
	"sourceSize": {"w":285,"h":285}
},
{
	"filename": "shelfs_shelfs-right.png",
	"frame": {"x":1,"y":590,"w":285,"h":285},
	"rotated": false,
	"trimmed": false,
	"spriteSourceSize": {"x":0,"y":0,"w":285,"h":285},
	"sourceSize": {"w":285,"h":285}
},
{
	"filename": "unicorn_unicorn_burned.png",
	"frame": {"x":789,"y":1327,"w":168,"h":253},
	"rotated": false,
	"trimmed": false,
	"spriteSourceSize": {"x":0,"y":0,"w":168,"h":253},
	"sourceSize": {"w":168,"h":253}
},
{
	"filename": "unicorn_unicorn_down.png",
	"frame": {"x":509,"y":815,"w":323,"h":254},
	"rotated": false,
	"trimmed": true,
	"spriteSourceSize": {"x":14,"y":9,"w":323,"h":254},
	"sourceSize": {"w":341,"h":263}
},
{
	"filename": "unicorn_unicorn_down_2.png",
	"frame": {"x":682,"y":303,"w":323,"h":254},
	"rotated": false,
	"trimmed": true,
	"spriteSourceSize": {"x":4,"y":9,"w":323,"h":254},
	"sourceSize": {"w":341,"h":263}
},
{
	"filename": "unicorn_unicorn_up.png",
	"frame": {"x":682,"y":559,"w":323,"h":254},
	"rotated": false,
	"trimmed": true,
	"spriteSourceSize": {"x":14,"y":9,"w":323,"h":254},
	"sourceSize": {"w":341,"h":263}
},
{
	"filename": "unicorn_unicorn_up_2.png",
	"frame": {"x":509,"y":1071,"w":323,"h":254},
	"rotated": false,
	"trimmed": true,
	"spriteSourceSize": {"x":4,"y":9,"w":323,"h":254},
	"sourceSize": {"w":341,"h":263}
}],
"meta": {
	"app": "https://www.codeandweb.com/texturepacker",
	"version": "1.0",
	"image": "unicorn-clouds-sprite.png",
	"format": "RGBA8888",
	"size": {"w":1007,"h":1581},
	"scale": "1",
	"smartupdate": "$TexturePacker:SmartUpdate:0afa8995ec9e6bcf0f9f0fcd847a6b52:1218917c14c074b1b448daae7588d2c5:72e3479c7f0f2b0eb4f133ebfea51e92$"
}
}
