{
  "slide_left_bottom": [
    {
      "offset_x": 223,
      "offset_y": 317,
      "rotation": 0
    },
    {
      "offset_x": 304,
      "offset_y": 347,
      "rotation": 0
    },
    {
      "offset_x": 383,
      "offset_y": 379,
      "rotation": 0
    },
    {
      "offset_x": 464,
      "offset_y": 473,
      "rotation": 0
    }
  ],
  "slide_left_top": [
    {
      "offset_x": 253,
      "offset_y": 222,
      "rotation": 0
    },
    {
      "offset_x": 334,
      "offset_y": 252,
      "rotation": 0
    },
    {
      "offset_x": 413,
      "offset_y": 284,
      "rotation": 0
    },
    {
      "offset_x": 494,
      "offset_y": 378,
      "rotation": 0
    }
  ],
  "slide_right_bottom": [
    {
      "offset_x":954,
      "offset_y": 347,
      "rotation": -42
    },
    {
      "offset_x": 873,
      "offset_y": 377,
      "rotation": -42
    },
    {
      "offset_x": 794,
      "offset_y": 409,
      "rotation": -42
    },
    {
      "offset_x": 713,
      "offset_y": 503,
      "rotation": -42
    }
  ],
  "slide_right_top": [
    {
      "offset_x": 924,
      "offset_y": 252,
      "rotation": -42
    },
    {
      "offset_x": 843,
      "offset_y": 282,
      "rotation": -42
    },
    {
      "offset_x": 764,
      "offset_y": 314,
      "rotation": -42
    },
    {
      "offset_x": 683,
      "offset_y": 408,
      "rotation": -42
    }
  ]
}