{
  "slide_left_bottom": [
    {
      "offset_x": 148,
      "offset_y": 288,
      "rotation": 0
    },
    {
      "offset_x": 240,
      "offset_y": 337,
      "rotation": 0
    },
    {
      "offset_x": 333,
      "offset_y": 381,
      "rotation": 0
    },
    {
      "offset_x": 464,
      "offset_y": 473,
      "rotation": 0
    }
  ],
  "slide_left_top": [
    {
      "offset_x": 183,
      "offset_y": 167,
      "rotation": 0
    },
    {
      "offset_x": 284,
      "offset_y": 207,
      "rotation": 0
    },
    {
      "offset_x": 373,
      "offset_y": 254,
      "rotation": 0
    },
    {
      "offset_x": 494,
      "offset_y": 300,
      "rotation": 0
    }
  ],
  "slide_right_bottom": [
    {
      "offset_x": 1034,
      "offset_y": 288,
      "rotation": 0
    },
    {
      "offset_x": 942,
      "offset_y": 337,
      "rotation": 0
    },
    {
      "offset_x": 849,
      "offset_y": 381,
      "rotation": 0
    },
    {
      "offset_x": 718,
      "offset_y": 473,
      "rotation": 0
    }
  ],
  "slide_right_top": [
    {
      "offset_x": 999,
      "offset_y": 167,
      "rotation": 0
    },
    {
      "offset_x": 898,
      "offset_y": 207,
      "rotation": 0
    },
    {
      "offset_x": 809,
      "offset_y": 254,
      "rotation": 0
    },
    {
      "offset_x": 709,
      "offset_y": 300,
      "rotation": 0
    }
  ]
}